{"imagePath":"Fmout_Epoque_Build_tex.png","width":512,"height":256,"name":"Fmout_Epoque_Build","SubTexture":[{"width":81,"y":1,"height":144,"name":"F_Plait","x":1},{"width":33,"y":25,"height":31,"name":"F_HairCircle","x":284},{"width":27,"y":158,"height":90,"name":"F_R_Hair_C","x":191},{"width":22,"y":119,"height":20,"name":"F_L_Finger_C","x":370},{"width":27,"y":152,"height":30,"name":"F_L_Hand_Xin_D","x":288},{"width":24,"y":147,"height":19,"name":"F_L_Hand","x":334},{"width":28,"y":90,"height":27,"name":"Hand_Xin_B","x":322},{"frameX":0,"y":1,"frameY":0,"frameWidth":28,"width":28,"frameHeight":31,"height":30,"name":"Hand_Xin_C","x":322},{"width":23,"y":231,"height":24,"name":"F_L_Hand_A","x":164},{"width":34,"y":33,"height":19,"name":"F_Hand_XinS","x":319},{"width":18,"y":104,"height":9,"name":"F_L_Finger_B","x":382},{"width":32,"y":91,"height":27,"name":"F_L_Forearm","x":288},{"width":25,"y":238,"height":16,"name":"F_L_Finger_A","x":317},{"width":17,"y":208,"height":22,"name":"F_L_Arm","x":338},{"frameX":0,"y":243,"frameY":-1,"frameWidth":27,"width":27,"frameHeight":12,"height":11,"name":"F_Clothes_M","x":369},{"width":11,"y":85,"height":17,"name":"F_Clothes_L","x":382},{"width":11,"y":213,"height":18,"name":"F_Clothes_K","x":406},{"width":10,"y":212,"height":17,"name":"F_Clothes_J","x":58},{"width":13,"y":213,"height":16,"name":"F_Clothes_I","x":421},{"width":12,"y":164,"height":23,"name":"F_Clothes_H","x":379},{"width":57,"y":1,"height":72,"name":"F_Clothes_G","x":132},{"width":33,"y":1,"height":51,"name":"F_L_Calf","x":191},{"width":31,"y":201,"height":38,"name":"F_L_Leg","x":220},{"width":32,"y":54,"height":19,"name":"F_L_Foot","x":348},{"width":24,"y":144,"height":17,"name":"F_L_Ring_B","x":259},{"width":28,"y":245,"height":10,"name":"F_L_Ring_A","x":123},{"width":36,"y":196,"height":47,"name":"F_R_Calf","x":126},{"width":32,"y":1,"height":19,"name":"F_R_Foot","x":352},{"width":26,"y":242,"height":13,"name":"F_R_Ring","x":248},{"width":30,"y":201,"height":39,"name":"F_R_Leg","x":253},{"width":42,"y":54,"height":36,"name":"F_Wast","x":210},{"width":31,"y":201,"height":35,"name":"F_Chest","x":285},{"width":13,"y":18,"height":15,"name":"F_Ornaments_C","x":397},{"width":10,"y":182,"height":11,"name":"F_Ornaments_B","x":70},{"width":11,"y":141,"height":22,"name":"F_Ornaments_A","x":393},{"width":48,"y":75,"height":81,"name":"F_Clothes_F","x":160},{"width":9,"y":115,"height":17,"name":"F_Clothes_E","x":394},{"width":11,"y":66,"height":17,"name":"F_Clothes_D","x":382},{"width":13,"y":165,"height":17,"name":"F_Clothes_C","x":393},{"width":14,"y":54,"height":17,"name":"F_Clothes_B","x":191},{"width":16,"y":198,"height":13,"name":"F_Clothes_A","x":406},{"width":13,"y":211,"height":22,"name":"F_R_Finger_C","x":391},{"width":32,"y":58,"height":31,"name":"Hand_Xin_D","x":284},{"width":28,"y":58,"height":30,"name":"Hand_Xin_A","x":318},{"width":25,"y":1,"height":21,"name":"F_R_Hand","x":290},{"width":25,"y":25,"height":26,"name":"F_R_Hand_Closed","x":226},{"frameX":0,"y":184,"frameY":-1,"frameWidth":18,"width":18,"frameHeight":14,"height":12,"name":"F_R_Finger_B","x":401},{"width":19,"y":22,"height":28,"name":"F_Card_A","x":355},{"frameX":0,"y":65,"frameY":-1,"frameWidth":29,"width":28,"frameHeight":39,"height":37,"name":"OrangeLight","x":254},{"width":28,"y":25,"height":38,"name":"WhiteLight","x":254},{"frameX":-1,"y":104,"frameY":-1,"frameWidth":29,"width":27,"frameHeight":39,"height":38,"name":"BlueLight","x":259},{"width":19,"y":22,"height":28,"name":"B_Card_B","x":376},{"width":20,"y":224,"height":17,"name":"F_R_Finger_A","x":369},{"width":27,"y":120,"height":30,"name":"F_R_Forearm","x":288},{"width":18,"y":208,"height":21,"name":"F_R_Arm","x":318},{"width":67,"y":147,"height":63,"name":"F_Head","x":1},{"width":39,"y":92,"height":34,"name":"F_L_Ear","x":210},{"width":11,"y":211,"height":11,"name":"F_L_White","x":377},{"width":17,"y":52,"height":12,"name":"F_R_White","x":382},{"frameX":0,"y":130,"frameY":0,"frameWidth":74,"width":74,"frameHeight":78,"height":64,"name":"F_B_Hair","x":84},{"width":22,"y":184,"height":22,"name":"F_L_Hair_B","x":318},{"width":20,"y":75,"height":53,"name":"F_L_Hair_A","x":132},{"width":46,"y":1,"height":127,"name":"F_R_Hair_B","x":84},{"width":54,"y":196,"height":41,"name":"F_R_Hair_A","x":70},{"width":37,"y":128,"height":34,"name":"F_R_Ear","x":220},{"width":8,"y":128,"height":16,"name":"F_Earrings","x":210},{"width":8,"y":203,"height":3,"name":"F_Mouth_B","x":342},{"width":8,"y":196,"height":4,"name":"F_Mouth_E","x":367},{"width":9,"y":231,"height":5,"name":"F_Mouth_C","x":58},{"width":9,"y":245,"height":7,"name":"F_Mouth_A","x":153},{"width":7,"y":232,"height":3,"name":"F_Mouth_D","x":335},{"frameX":-1,"y":168,"frameY":0,"frameWidth":24,"width":23,"frameHeight":16,"height":16,"name":"F_L_Eye_B","x":342},{"width":23,"y":186,"height":15,"name":"F_L_Eye_E","x":342},{"width":17,"y":249,"height":6,"name":"F_L_Eye_C","x":398},{"frameX":-1,"y":232,"frameY":0,"frameWidth":24,"width":23,"frameHeight":16,"height":16,"name":"F_L_Eye_A","x":344},{"frameX":-1,"y":147,"frameY":-1,"frameWidth":24,"width":23,"frameHeight":16,"height":15,"name":"F_L_Eye_D","x":360},{"width":20,"y":109,"height":7,"name":"F_R_Eye_C","x":352},{"frameX":0,"y":239,"frameY":0,"frameWidth":32,"width":31,"frameHeight":16,"height":16,"name":"F_R_Eye_A","x":58},{"frameX":-1,"y":239,"frameY":0,"frameWidth":32,"width":30,"frameHeight":16,"height":16,"name":"F_R_Eye_D","x":91},{"frameX":0,"y":1,"frameY":0,"frameWidth":32,"width":31,"frameHeight":15,"height":15,"name":"F_R_Eye_B","x":386},{"frameX":-1,"y":238,"frameY":0,"frameWidth":31,"width":30,"frameHeight":15,"height":15,"name":"F_R_Eye_E","x":285},{"width":10,"y":224,"height":5,"name":"F_L_Brow_B","x":357},{"frameX":0,"y":250,"frameY":0,"frameWidth":14,"width":13,"frameHeight":6,"height":5,"name":"F_L_Brow_E","x":205},{"width":14,"y":1,"height":8,"name":"F_L_Brow_A","x":419},{"frameX":-1,"y":250,"frameY":-1,"frameWidth":16,"width":14,"frameHeight":6,"height":5,"name":"F_L_Brow_C","x":344},{"frameX":-1,"y":189,"frameY":-1,"frameWidth":16,"width":14,"frameHeight":6,"height":5,"name":"F_L_Brow_D","x":379},{"frameX":-2,"y":250,"frameY":-1,"frameWidth":16,"width":14,"frameHeight":6,"height":5,"name":"F_R_Brow_D","x":189},{"width":12,"y":141,"height":4,"name":"F_R_Brow_B","x":370},{"frameX":-1,"y":231,"frameY":0,"frameWidth":16,"width":15,"frameHeight":5,"height":5,"name":"F_R_Brow_E","x":318},{"frameX":-2,"y":248,"frameY":-1,"frameWidth":16,"width":14,"frameHeight":6,"height":5,"name":"F_R_Brow_C","x":1},{"width":20,"y":245,"height":10,"name":"F_R_Brow_A","x":424},{"width":62,"y":1,"height":22,"name":"F_Glasses","x":226},{"width":21,"y":235,"height":12,"name":"DeerTail","x":401},{"width":14,"y":75,"height":30,"name":"DeerShank_C","x":352},{"width":12,"y":147,"height":33,"name":"DeerShank_D","x":70},{"width":15,"y":147,"height":35,"name":"DeerThigh_C","x":317},{"width":17,"y":119,"height":26,"name":"DeerThigh_D","x":351},{"width":55,"y":212,"height":34,"name":"DeerBody","x":1},{"width":10,"y":164,"height":30,"name":"DeerShank_A","x":367},{"width":18,"y":196,"height":33,"name":"DeerThigh_A","x":164},{"width":12,"y":75,"height":32,"name":"DeerShank_B","x":368},{"width":27,"y":164,"height":35,"name":"DeerThigh_B","x":220},{"width":28,"y":158,"height":36,"name":"DeerNeck","x":160},{"width":17,"y":231,"height":12,"name":"DeerEar_B","x":424},{"width":35,"y":164,"height":35,"name":"F_Pearl_D","x":251},{"width":26,"y":241,"height":13,"name":"F_Pearl_C","x":220},{"width":16,"y":35,"height":10,"name":"DeerMouth","x":397},{"width":27,"y":184,"height":15,"name":"Card_Xin","x":288},{"width":32,"y":120,"height":25,"name":"DeerHead_Xin","x":317},{"width":22,"y":196,"height":13,"name":"DeerEar_A","x":377},{"width":7,"y":242,"height":13,"name":"F_Pearl_A","x":276},{"width":16,"y":18,"height":8,"name":"F_Pearl_B","x":412},{"width":18,"y":203,"height":19,"name":"F_L_Forearm_Xin","x":357}]}