<voicestore>
	<voice>
		<title>任命助理</title>
		<txt>嗯，博士。您今天的运势是......</txt>
	</voice>
	<voice>
		<title>交谈1</title>
		<txt>您也想知道，自己未来的命运吗......</txt>
	</voice>
	<voice>
		<title>交谈2</title>
		<txt>随时都别忘记......未知的力量引起的反作用，很可能反噬我们自身。</txt>
	</voice>
	<voice>
		<title>交谈3</title>
		<txt>塔罗只能祛除内心的雾霭，却从来不曾拥有万事皆能的神性。</txt>
	</voice>
	<voice>
		<title>晋升后交谈1</title>
		<txt>命运就像大地，谁也不能挣脱它的枷锁。</txt>
	</voice>
	<voice>
		<title>晋升后交谈2</title>
		<txt>人无法挣脱大地的桎梏，却能改变大地的样貌。人类的行为中潜藏着无数的可能性。</txt>
	</voice>
	<voice>
		<title>信赖提升后交谈1</title>
		<txt>运势中，存有无数主题，而最常见的就是......牌运。若要改变牌运，就要勇于改变命运。</txt>
	</voice>
	<voice>
		<title>信赖提升后交谈2</title>
		<txt>最近在占卜师之间有一个流行的仪式，我们称之为“命运之手”，您想试试看吗？</txt>
	</voice>
	<voice>
		<title>信赖提升后交谈3</title>
		<txt>对“死亡”的占卜，在我们业内也算是种禁忌。但我认为，“死亡”并非终点，而是一个新的开始。</txt>
	</voice>
	<voice>
		<title>闲置</title>
		<txt>偶尔，梦境会为你展示有趣的启示，如果体验了这样的梦，要好好保存在记忆中哦，博士。</txt>
	</voice>
	<voice>
		<title>干员报到</title>
		<txt>遵从阿尔克纳的指引，我的命运终于与您交汇了，博士。</txt>
	</voice>
	<voice>
		<title>观看作战记录</title>
		<txt>有灵感了呢。</txt>
	</voice>
	<voice>
		<title>精英化晋升1</title>
		<txt>我已经在水晶里预见了这次晋升哦？呵呵，只是个玩笑而已。</txt>
	</voice>
	<voice>
		<title>精英化晋升2</title>
		<txt>博士，你想知晓......自己的命运终将去往何方？很遗憾，我帮不了你。为你揭示那些秘密，并不是我的使命。</txt>
	</voice>
	<voice>
		<title>编入队伍</title>
		<txt>请稍候，先来占卜一下这次战斗的结果吧。</txt>
	</voice>
	<voice>
		<title>任命队长</title>
		<txt>那么，就让我来为大家祈祷吧。</txt>
	</voice>
	<voice>
		<title>行动出发</title>
		<txt>命运变幻无常，唯有胜者永存于世。</txt>
	</voice>
	<voice>
		<title>行动开始</title>
		<txt>我看到了结果。胜利属于罗德岛。</txt>
	</voice>
	<voice>
		<title>选中干员1</title>
		<txt>明智的选择。</txt>
	</voice>
	<voice>
		<title>选中干员2</title>
		<txt>我的回合。</txt>
	</voice>
	<voice>
		<title>部署1</title>
		<txt>抽一张卡片。</txt>
	</voice>
	<voice>
		<title>部署2</title>
		<txt>不要违抗你的命运。</txt>
	</voice>
	<voice>
		<title>作战中1</title>
		<txt>虚空之塔。</txt>
	</voice>
	<voice>
		<title>作战中2</title>
		<txt>行空之战车。</txt>
	</voice>
	<voice>
		<title>作战中3</title>
		<txt>折断帝王的权杖。</txt>
	</voice>
	<voice>
		<title>作战中4</title>
		<txt>女祭司毁灭一切。</txt>
	</voice>
	<voice>
		<title>4星结束行动</title>
		<txt>是命运扼住我们的咽喉，亦或是，我们将要对命运作绝地反击？</txt>
	</voice>
	<voice>
		<title>3星结束行动</title>
		<txt>我已经将他们全部移动到墓地之中了。</txt>
	</voice>
	<voice>
		<title>非3星结束行动</title>
		<txt>该重新洗牌了。</txt>
	</voice>
	<voice>
		<title>行动失败</title>
		<txt>不，这不该是我们应有的命运......</txt>
	</voice>
	<voice>
		<title>进驻设施</title>
		<txt>这个房间里面似乎潜藏着厄运，需要我用我的力量帮你做点什么吗？</txt>
	</voice>
	<voice>
		<title>戳一下</title>
		<txt>嗯？怎么了？</txt>
	</voice>
	<voice>
		<title>信赖触摸</title>
		<txt>想让我为您占卜下今后的运气？是嘛~请稍等一下。</txt>
	</voice>
	<voice>
		<title>问候</title>
		<txt>幸运之风吹拂着你，博士。</txt>
	</voice>
</voicestore>
